match_id,league,,,,,,,
3966752666,The International 2018,,,,,,,
4061952570,The International 2018,,,,,,,
4080778303,The International 2018,,,,,,,
3962701540,The International 2018,,,,,,,
3967062172,The International 2018,,,,,,,
3965702859,The International 2018,,,,,,,
3971583578,The International 2018,,,,,,,
3967480317,The International 2018,,,,,,,
4078478649,The International 2018,,,,,,,
4063266100,The International 2018,,,,,,,
4062098446,The International 2018,,,,,,,
3960615221,The International 2018,,,,,,,
3965779077,The International 2018,,,,,,,
3961291740,The International 2018,,,,,,,
4078291886,The International 2018,,,,,,,
4061662358,The International 2018,,,,,,,
3971470160,The International 2018,,,,,,,
4070746269,The International 2018,,,,,,,
3961000985,The International 2018,,,,,,,
4074821374,The International 2018,,,,,,,
3961505531,The International 2018,,,,,,,
4061660411,The International 2018,,,,,,,
3962882047,The International 2018,,,,,,,
4066822873,The International 2018,,,,,,,
3967727113,The International 2018,,,,,,,
4076114893,The International 2018,,,,,,,
3969775882,The International 2018,,,,,,,
4066615144,The International 2018,,,,,,,
4065211218,The International 2018,,,,,,,
3965525689,The International 2018,,,,,,,
3969556326,The International 2018,,,,,,,
3967271411,The International 2018,,,,,,,
4065211201,The International 2018,,,,,,,
3968700910,The International 2018,,,,,,,
4072509593,The International 2018,,,,,,,
4062010988,The International 2018,,,,,,,
4074356696,The International 2018,,,,,,,
4063465788,The International 2018,,,,,,,
4066751467,The International 2018,,,,,,,
4063131418,The International 2018,,,,,,,
3966088418,The International 2018,,,,,,,
4065084843,The International 2018,,,,,,,
3973023989,The International 2018,,,,,,,
4076314248,The International 2018,,,,,,,
3963622811,The International 2018,,,,,,,
3969620539,The International 2018,,,,,,,
4062016236,The International 2018,,,,,,,
4080723031,The International 2018,,,,,,,
3972633082,The International 2018,,,,,,,
3967872144,The International 2018,,,,,,,
4078412913,The International 2018,,,,,,,
3963748898,The International 2018,,,,,,,
4063643412,The International 2018,,,,,,,
3960868114,The International 2018,,,,,,,
4066988194,The International 2018,,,,,,,
3967396766,The International 2018,,,,,,,
4064706272,The International 2018,,,,,,,
4061802430,The International 2018,,,,,,,
4061721528,The International 2018,,,,,,,
4065140946,The International 2018,,,,,,,
3960583608,The International 2018,,,,,,,
3961373359,The International 2018,,,,,,,
4078363316,The International 2018,,,,,,,
3961146514,The International 2018,,,,,,,
4076485641,The International 2018,,,,,,,
3961259644,The International 2018,,,,,,,
3972835248,The International 2018,,,,,,,
4066926568,The International 2018,,,,,,,
4063477071,The International 2018,,,,,,,
3969431394,The International 2018,,,,,,,
4063131353,The International 2018,,,,,,,
3965927990,The International 2018,,,,,,,
4080856812,The International 2018,,,,,,,
4065178894,The International 2018,,,,,,,
4065192690,The International 2018,,,,,,,
3973036021,The International 2018,,,,,,,
4063369023,The International 2018,,,,,,,
3968073382,The International 2018,,,,,,,
3967576585,The International 2018,,,,,,,
4066775838,The International 2018,,,,,,,
3967478661,The International 2018,,,,,,,
4072699199,The International 2018,,,,,,,
3967718821,The International 2018,,,,,,,
3964678461,The International 2018,,,,,,,
4061984521,The International 2018,,,,,,,
3966487370,The International 2018,,,,,,,
4078079157,The International 2018,,,,,,,
3967446758,The International 2018,,,,,,,
4072252473,The International 2018,,,,,,,
4066666471,The International 2018,,,,,,,
4064996401,The International 2018,,,,,,,
3965388783,The International 2018,,,,,,,
3970514314,The International 2018,,,,,,,
3970279887,The International 2018,,,,,,,
3970112306,The International 2018,,,,,,,
4061924528,The International 2018,,,,,,,
3968380074,The International 2018,,,,,,,
4064851344,The International 2018,,,,,,,
3964347005,The International 2018,,,,,,,
4072354014,The International 2018,,,,,,,
4063572817,The International 2018,,,,,,,
4064872015,The International 2018,,,,,,,
4066505440,The International 2018,,,,,,,
4063286002,The International 2018,,,,,,,
3960760412,The International 2018,,,,,,,
4063430773,The International 2018,,,,,,,
3967391784,The International 2018,,,,,,,
4061971770,The International 2018,,,,,,,
4062142571,The International 2018,,,,,,,
4074694505,The International 2018,,,,,,,
4080666526,The International 2018,,,,,,,
3966977095,The International 2018,,,,,,,
3966077573,The International 2018,,,,,,,
3966619151,The International 2018,,,,,,,
3969955414,The International 2018,,,,,,,
4062183675,The International 2018,,,,,,,
4063439681,The International 2018,,,,,,,
4063600107,The International 2018,,,,,,,
4065260154,The International 2018,,,,,,,
4066909869,The International 2018,,,,,,,
3961454929,The International 2018,,,,,,,
4063289036,The International 2018,,,,,,,
4066838505,The International 2018,,,,,,,
3966744778,The International 2018,,,,,,,
4061858332,The International 2018,,,,,,,
4064854156,The International 2018,,,,,,,
4074748928,The International 2018,,,,,,,
3964015955,The International 2018,,,,,,,
3965322615,The International 2018,,,,,,,
4065128649,The International 2018,,,,,,,
4080601137,The International 2018,,,,,,,
4080316101,The International 2018,,,,,,,
3967809253,The International 2018,,,,,,,
4078566725,The International 2018,,,,,,,
3972154535,The International 2018,,,,,,,
4066891298,The International 2018,,,,,,,
3961276206,The International 2018,,,,,,,
3970792027,The International 2018,,,,,,,
3967435213,The International 2018,,,,,,,
4061867364,The International 2018,,,,,,,
4063558826,The International 2018,,,,,,,
3969305067,The International 2018,,,,,,,
4066608591,The International 2018,,,,,,,
4072635180,The International 2018,,,,,,,
4070612749,The International 2018,,,,,,,
4063359785,The International 2018,,,,,,,
3969180038,The International 2018,,,,,,,
3964906211,The International 2018,,,,,,,
3962815128,The International 2018,,,,,,,
4065095713,The International 2018,,,,,,,
3972937677,The International 2018,,,,,,,
4063653342,The International 2018,,,,,,,
4061922574,The International 2018,,,,,,,
3965633377,The International 2018,,,,,,,
3967602199,The International 2018,,,,,,,
4063402142,The International 2018,,,,,,,
4072772695,The International 2018,,,,,,,
4062099038,The International 2018,,,,,,,
4066597494,The International 2018,,,,,,,
4066760701,The International 2018,,,,,,,
3963175050,The International 2018,,,,,,,
3964587511,The International 2018,,,,,,,
4078180258,The International 2018,,,,,,,
4074178274,The International 2018,,,,,,,
4063667075,The International 2018,,,,,,,
3966442144,The International 2018,,,,,,,
4064786062,The International 2018,,,,,,,
3965640129,The International 2018,,,,,,,
4062045592,The International 2018,,,,,,,
3971798245,The International 2018,,,,,,,
4066831697,The International 2018,,,,,,,
4061745637,The International 2018,,,,,,,
3965138122,The International 2018,,,,,,,
4065164937,The International 2018,,,,,,,
3966406239,The International 2018,,,,,,,
3967311583,The International 2018,,,,,,,
4065281130,The International 2018,,,,,,,
3967805803,The International 2018,,,,,,,
4061815647,The International 2018,,,,,,,
3966150350,The International 2018,,,,,,,
3967146931,The International 2018,,,,,,,
4062047269,The International 2018,,,,,,,
3961425002,The International 2018,,,,,,,
3967792394,The International 2018,,,,,,,
4065251250,The International 2018,,,,,,,
4061671194,The International 2018,,,,,,,
4063299885,The International 2018,,,,,,,
3968327522,The International 2018,,,,,,,
3967214219,The International 2018,,,,,,,
4063131371,The International 2018,,,,,,,
4066704198,The International 2018,,,,,,,
4063220819,The International 2018,,,,,,,
4072441405,The International 2018,,,,,,,
3962007207,The International 2018,,,,,,,
3969003873,The International 2018,,,,,,,
4066995932,The International 2018,,,,,,,
3967532949,The International 2018,,,,,,,
3967002678,The International 2018,,,,,,,
4062061780,The International 2018,,,,,,,
3967908532,The International 2018,,,,,,,
4063532336,The International 2018,,,,,,,
3961665955,The International 2018,,,,,,,
3966302839,The International 2018,,,,,,,
4065229720,The International 2018,,,,,,,
3967343435,The International 2018,,,,,,,
4064708096,The International 2018,,,,,,,
4066670110,The International 2018,,,,,,,
3967369181,The International 2018,,,,,,,
4062098361,The International 2018,,,,,,,
4064867263,The International 2018,,,,,,,
3969599769,The International 2018,,,,,,,
3969557308,The International 2018,,,,,,,
3961646185,The International 2018,,,,,,,
4066759760,The International 2018,,,,,,,
4061903681,The International 2018,,,,,,,
3967303905,The International 2018,,,,,,,
4070838238,The International 2018,,,,,,,
4074591870,The International 2018,,,,,,,
4066823822,The International 2018,,,,,,,
4064706284,The International 2018,,,,,,,
4062062147,The International 2018,,,,,,,
3967618847,The International 2018,,,,,,,
4065083072,The International 2018,,,,,,,
3969876442,The International 2018,,,,,,,
4063611898,The International 2018,,,,,,,
3961061756,The International 2018,,,,,,,
3966510320,The International 2018,,,,,,,
3972055233,The International 2018,,,,,,,
3961217248,The International 2018,,,,,,,
3961142758,The International 2018,,,,,,,
3962632022,The International 2018,,,,,,,
4063350513,The International 2018,,,,,,,
4074486307,The International 2018,,,,,,,
4080420268,The International 2018,,,,,,,
3967285140,The International 2018,,,,,,,
4066499349,The International 2018,,,,,,,
3973127831,The International 2018,,,,,,,
3967666409,The International 2018,,,,,,,
3972375830,The International 2018,,,,,,,
4076188379,The International 2018,,,,,,,
3966884585,The International 2018,,,,,,,
3969510492,The International 2018,,,,,,,
3966744537,The International 2018,,,,,,,
4063521022,The International 2018,,,,,,,
3963510721,The International 2018,,,,,,,
4064938488,The International 2018,,,,,,,
4063378608,The International 2018,,,,,,,
4063619584,The International 2018,,,,,,,
3966788182,The International 2018,,,,,,,
4070674710,The International 2018,,,,,,,
3970333065,The International 2018,,,,,,,
3969654858,The International 2018,,,,,,,
4061766981,The International 2018,,,,,,,
3965026783,The International 2018,,,,,,,
4064786780,The International 2018,,,,,,,
3960600123,The International 2018,,,,,,,
3960680068,The International 2018,,,,,,,
3966020533,The International 2018,,,,,,,
4061977166,The International 2018,,,,,,,
4066891674,The International 2018,,,,,,,
3971338283,The International 2018,,,,,,,
4063413580,The International 2018,,,,,,,
3964779866,The International 2018,,,,,,,
3969427809,The International 2018,,,,,,,
4063571098,The International 2018,,,,,,,
3966161147,The International 2018,,,,,,,
3967858418,The International 2018,,,,,,,
3969656979,The International 2018,,,,,,,
4062151757,The International 2018,,,,,,,
4070500759,The International 2018,,,,,,,
3966529435,The International 2018,,,,,,,
3966233770,The International 2018,,,,,,,
3971335899,The International 2018,,,,,,,
3966581710,The International 2018,,,,,,,
3973246064,The International 2018,,,,,,,
4063563567,The International 2018,,,,,,,
4063601628,The International 2018,,,,,,,
4064949771,The International 2018,,,,,,,
4065129977,The International 2018,,,,,,,
4066499119,The International 2018,,,,,,,
4066598139,The International 2018,,,,,,,
4066688247,The International 2018,,,,,,,
3971673262,The International 2018,,,,,,,
4063646692,The International 2018,,,,,,,
3963695407,The International 2018,,,,,,,
3967424462,The International 2018,,,,,,,
3970420652,The International 2018,,,,,,,
3970663686,The International 2018,,,,,,,
3971903975,The International 2018,,,,,,,
4065042825,The International 2018,,,,,,,
3965513793,The International 2018,,,,,,,
3966401120,The International 2018,,,,,,,
3961553272,The International 2018,,,,,,,
4070556816,The International 2018,,,,,,,
3961040985,The International 2018,,,,,,,
4076431752,The International 2018,,,,,,,
3966957407,The International 2018,,,,,,,
3973105146,The International 2018,,,,,,,
4062143387,The International 2018,,,,,,,
3971976818,The International 2018,,,,,,,
3962997393,The International 2018,,,,,,,
4063481435,The International 2018,,,,,,,
4063225719,The International 2018,,,,,,,
4063131437,The International 2018,,,,,,,
3965884494,The International 2018,,,,,,,
4065016209,The International 2018,,,,,,,
4065017593,The International 2018,,,,,,,
4062034566,The International 2018,,,,,,,
4061848287,The International 2018,,,,,,,
3966313873,The International 2018,,,,,,,
4066517897,The International 2018,,,,,,,
4070423361,The International 2018,,,,,,,
3966626627,The International 2018,,,,,,,
4063527110,The International 2018,,,,,,,
4074440208,The International 2018,,,,,,,
4074639753,The International 2018,,,,,,,
3969605634,The International 2018,,,,,,,
3964501224,The International 2018,,,,,,,
3972522707,The International 2018,,,,,,,
3967891613,The International 2018,,,,,,,
3966226885,The International 2018,,,,,,,
4061694810,The International 2018,,,,,,,
4061742840,The International 2018,,,,,,,
4072586507,The International 2018,,,,,,,
3967364495,The International 2018,,,,,,,
3967501317,The International 2018,,,,,,,
3971856001,The International 2018,,,,,,,
3971263389,The International 2018,,,,,,,
4063222284,The International 2018,,,,,,,
3970990054,The International 2018,,,,,,,
4074255285,The International 2018,,,,,,,
4063202564,The International 2018,,,,,,,
4065077879,The International 2018,,,,,,,
3968238268,The International 2018,,,,,,,
3963141136,The International 2018,,,,,,,
4067035268,The International 2018,,,,,,,
3969382823,The International 2018,,,,,,,
3963951879,The International 2018,,,,,,,
4065175507,The International 2018,,,,,,,
4062142402,The International 2018,,,,,,,
3969496101,The International 2018,,,,,,,
4061921764,The International 2018,,,,,,,
4064993264,The International 2018,,,,,,,
3965452132,The International 2018,,,,,,,
4070356125,The International 2018,,,,,,,
3966484283,The International 2018,,,,,,,
3966866578,The International 2018,,,,,,,
3963766315,The International 2018,,,,,,,
3963082795,The International 2018,,,,,,,
3967207226,The International 2018,,,,,,,
3970041014,The International 2018,,,,,,,
4064796732,The International 2018,,,,,,,
4063518923,The International 2018,,,,,,,
3967645548,The International 2018,,,,,,,
4062017242,The International 2018,,,,,,,
4062103539,The International 2018,,,,,,,
3964420417,The International 2018,,,,,,,
3963833718,The International 2018,,,,,,,
4076043995,The International 2018,,,,,,,
3967562562,The International 2018,,,,,,,
3969357638,The International 2018,,,,,,,
3971176821,The International 2018,,,,,,,
4064721264,The International 2018,,,,,,,
4065124105,The International 2018,,,,,,,
4065268827,The International 2018,,,,,,,
3962092993,The International 2018,,,,,,,
4067049273,The International 2018,,,,,,,
4076257095,The International 2018,,,,,,,
3961219376,The International 2018,,,,,,,
3964610577,The International 2018,,,,,,,
3960936028,The International 2018,,,,,,,
3970454002,The International 2018,,,,,,,
3971411606,The International 2018,,,,,,,
3967996227,The International 2018,,,,,,,
3961102532,The International 2018,,,,,,,
3963261456,The International 2018,,,,,,,
4064970428,The International 2018,,,,,,,
4063490254,The International 2018,,,,,,,
3966654369,The International 2018,,,,,,,
3968863152,The International 2018,,,,,,,
3968470278,The International 2018,,,,,,,
3966036899,The International 2018,,,,,,,
3967679468,The International 2018,,,,,,,
3966411393,The International 2018,,,,,,,
4064939549,The International 2018,,,,,,,
3960963962,The International 2018,,,,,,,
3971717222,The International 2018,,,,,,,
3967493885,The International 2018,,,,,,,
4061804100,The International 2018,,,,,,,
3967535610,The International 2018,,,,,,,
3960988841,The International 2018,,,,,,,
4064812973,The International 2018,,,,,,,
4061880066,The International 2018,,,,,,,
3969720897,The International 2018,,,,,,,
3965854761,The International 2018,,,,,,,
3973211743,The International 2018,,,,,,,
3966570394,The International 2018,,,,,,,
3971552773,The International 2018,,,,,,,
3963365795,The International 2018,,,,,,,
3971089692,The International 2018,,,,,,,
3962137083,The International 2018,,,,,,,
3936038407,China Dota2 Super Major,,,,,,,
3943262880,China Dota2 Super Major,,,,,,,
3936473615,China Dota2 Super Major,,,,,,,
3928462587,China Dota2 Super Major,,,,,,,
3941740660,China Dota2 Super Major,,,,,,,
3930343388,China Dota2 Super Major,,,,,,,
3934197014,China Dota2 Super Major,,,,,,,
3851000926,China Dota2 Super Major,,,,,,,
3849869490,China Dota2 Super Major,,,,,,,
3850968927,China Dota2 Super Major,,,,,,,
3936321758,China Dota2 Super Major,,,,,,,
3848393534,China Dota2 Super Major,,,,,,,
3928136472,China Dota2 Super Major,,,,,,,
3847039727,China Dota2 Super Major,,,,,,,
3932641464,China Dota2 Super Major,,,,,,,
3849491688,China Dota2 Super Major,,,,,,,
3846125996,China Dota2 Super Major,,,,,,,
3928837410,China Dota2 Super Major,,,,,,,
3843793098,China Dota2 Super Major,,,,,,,
3850928939,China Dota2 Super Major,,,,,,,
3942260942,China Dota2 Super Major,,,,,,,
3930746428,China Dota2 Super Major,,,,,,,
3941422211,China Dota2 Super Major,,,,,,,
3848567151,China Dota2 Super Major,,,,,,,
3928620364,China Dota2 Super Major,,,,,,,
3850899797,China Dota2 Super Major,,,,,,,
3934416979,China Dota2 Super Major,,,,,,,
3849486792,China Dota2 Super Major,,,,,,,
3928509645,China Dota2 Super Major,,,,,,,
3928337789,China Dota2 Super Major,,,,,,,
3847022750,China Dota2 Super Major,,,,,,,
3932802156,China Dota2 Super Major,,,,,,,
3850807673,China Dota2 Super Major,,,,,,,
3928080962,China Dota2 Super Major,,,,,,,
3842323290,China Dota2 Super Major,,,,,,,
3928022579,China Dota2 Super Major,,,,,,,
3847209520,China Dota2 Super Major,,,,,,,
3928034802,China Dota2 Super Major,,,,,,,
3930995463,China Dota2 Super Major,,,,,,,
3844449340,China Dota2 Super Major,,,,,,,
3844191105,China Dota2 Super Major,,,,,,,
3937537639,China Dota2 Super Major,,,,,,,
3930496811,China Dota2 Super Major,,,,,,,
3844862562,China Dota2 Super Major,,,,,,,
3935917464,China Dota2 Super Major,,,,,,,
3845858539,China Dota2 Super Major,,,,,,,
3930266193,China Dota2 Super Major,,,,,,,
3929018213,China Dota2 Super Major,,,,,,,
3930153082,China Dota2 Super Major,,,,,,,
3930123077,China Dota2 Super Major,,,,,,,
3934531879,China Dota2 Super Major,,,,,,,
3943365614,China Dota2 Super Major,,,,,,,
3943673479,China Dota2 Super Major,,,,,,,
3937609487,China Dota2 Super Major,,,,,,,
3941208711,China Dota2 Super Major,,,,,,,
3928033510,China Dota2 Super Major,,,,,,,
3849566762,China Dota2 Super Major,,,,,,,
3845225400,China Dota2 Super Major,,,,,,,
3936679099,China Dota2 Super Major,,,,,,,
3848316665,China Dota2 Super Major,,,,,,,
3943547236,China Dota2 Super Major,,,,,,,
3930055489,China Dota2 Super Major,,,,,,,
3846193066,China Dota2 Super Major,,,,,,,
3930369369,China Dota2 Super Major,,,,,,,
3849530590,China Dota2 Super Major,,,,,,,
3932111656,China Dota2 Super Major,,,,,,,
3849337141,China Dota2 Super Major,,,,,,,
3846088866,China Dota2 Super Major,,,,,,,
3844105712,China Dota2 Super Major,,,,,,,
3847968696,China Dota2 Super Major,,,,,,,
3845575174,China Dota2 Super Major,,,,,,,
3848740036,China Dota2 Super Major,,,,,,,
3847831503,China Dota2 Super Major,,,,,,,
3932554750,China Dota2 Super Major,,,,,,,
3849975652,China Dota2 Super Major,,,,,,,
3849983470,China Dota2 Super Major,,,,,,,
3937936341,China Dota2 Super Major,,,,,,,
3843933105,China Dota2 Super Major,,,,,,,
3846793837,China Dota2 Super Major,,,,,,,
3928389527,China Dota2 Super Major,,,,,,,
3927969700,China Dota2 Super Major,,,,,,,
3941608894,China Dota2 Super Major,,,,,,,
3932294528,China Dota2 Super Major,,,,,,,
3936208040,China Dota2 Super Major,,,,,,,
3930017604,China Dota2 Super Major,,,,,,,
3928688563,China Dota2 Super Major,,,,,,,
3842606973,China Dota2 Super Major,,,,,,,
3928102591,China Dota2 Super Major,,,,,,,
3930614997,China Dota2 Super Major,,,,,,,
3927970381,China Dota2 Super Major,,,,,,,
3932214146,China Dota2 Super Major,,,,,,,
3930125995,China Dota2 Super Major,,,,,,,
3848496025,China Dota2 Super Major,,,,,,,
3934299285,China Dota2 Super Major,,,,,,,
3849450365,China Dota2 Super Major,,,,,,,
3848028803,China Dota2 Super Major,,,,,,,
3842225860,China Dota2 Super Major,,,,,,,
3943790375,China Dota2 Super Major,,,,,,,
3842412322,China Dota2 Super Major,,,,,,,
3846951248,China Dota2 Super Major,,,,,,,
3842116324,China Dota2 Super Major,,,,,,,
3935657118,China Dota2 Super Major,,,,,,,
3930216789,China Dota2 Super Major,,,,,,,
3848071428,China Dota2 Super Major,,,,,,,
3849208559,China Dota2 Super Major,,,,,,,
3846945276,China Dota2 Super Major,,,,,,,
3943204781,China Dota2 Super Major,,,,,,,
3841994108,China Dota2 Super Major,,,,,,,
3846233177,China Dota2 Super Major,,,,,,,
3846872791,China Dota2 Super Major,,,,,,,
3941931884,China Dota2 Super Major,,,,,,,
3942119450,China Dota2 Super Major,,,,,,,
3846746975,China Dota2 Super Major,,,,,,,
3930084254,China Dota2 Super Major,,,,,,,
3941137339,China Dota2 Super Major,,,,,,,
3845060760,China Dota2 Super Major,,,,,,,
3847977432,China Dota2 Super Major,,,,,,,
3943981461,China Dota2 Super Major,,,,,,,
3848369378,China Dota2 Super Major,,,,,,,
3848484644,China Dota2 Super Major,,,,,,,
3845360065,China Dota2 Super Major,,,,,,,
3844809367,China Dota2 Super Major,,,,,,,
3930871882,China Dota2 Super Major,,,,,,,
3844090404,China Dota2 Super Major,,,,,,,
3937843537,China Dota2 Super Major,,,,,,,
3933935682,China Dota2 Super Major,,,,,,,
3934691232,China Dota2 Super Major,,,,,,,
3845146616,China Dota2 Super Major,,,,,,,
3847890687,China Dota2 Super Major,,,,,,,
3844446800,China Dota2 Super Major,,,,,,,
3934056852,China Dota2 Super Major,,,,,,,
3931151617,China Dota2 Super Major,,,,,,,
3849394619,China Dota2 Super Major,,,,,,,
3930501529,China Dota2 Super Major,,,,,,,
3937695236,China Dota2 Super Major,,,,,,,
3846676328,China Dota2 Super Major,,,,,,,
3847127367,China Dota2 Super Major,,,,,,,
3846629922,China Dota2 Super Major,,,,,,,
3843802406,China Dota2 Super Major,,,,,,,
3848557814,China Dota2 Super Major,,,,,,,
3928936023,China Dota2 Super Major,,,,,,,
3844364136,China Dota2 Super Major,,,,,,,
3928234992,China Dota2 Super Major,,,,,,,
3845485051,China Dota2 Super Major,,,,,,,
3845746346,China Dota2 Super Major,,,,,,,
3932948526,China Dota2 Super Major,,,,,,,
3842544257,China Dota2 Super Major,,,,,,,
3934811274,China Dota2 Super Major,,,,,,,
3937435514,China Dota2 Super Major,,,,,,,
3928801490,China Dota2 Super Major,,,,,,,
3927969458,China Dota2 Super Major,,,,,,,
3932468492,China Dota2 Super Major,,,,,,,
3846814925,China Dota2 Super Major,,,,,,,
3930642875,China Dota2 Super Major,,,,,,,
3933995420,China Dota2 Super Major,,,,,,,
3934135077,China Dota2 Super Major,,,,,,,
3847876081,China Dota2 Super Major,,,,,,,
3844920680,China Dota2 Super Major,,,,,,,
3935855156,China Dota2 Super Major,,,,,,,
3849345651,China Dota2 Super Major,,,,,,,
3842314169,China Dota2 Super Major,,,,,,,
3849810027,China Dota2 Super Major,,,,,,,
3930082757,China Dota2 Super Major,,,,,,,
3850856450,China Dota2 Super Major,,,,,,,
3932378219,China Dota2 Super Major,,,,,,,
3935718039,China Dota2 Super Major,,,,,,,
3933892648,China Dota2 Super Major,,,,,,,
3849876560,China Dota2 Super Major,,,,,,,
3849125411,China Dota2 Super Major,,,,,,,
3848661925,China Dota2 Super Major,,,,,,,
3844376348,China Dota2 Super Major,,,,,,,
3843958886,China Dota2 Super Major,,,,,,,
3847930881,China Dota2 Super Major,,,,,,,
3849810347,China Dota2 Super Major,,,,,,,
3844989350,China Dota2 Super Major,,,,,,,
3937770762,China Dota2 Super Major,,,,,,,
3850062409,China Dota2 Super Major,,,,,,,
3847825489,China Dota2 Super Major,,,,,,,
3930149324,China Dota2 Super Major,,,,,,,
3930896312,China Dota2 Super Major,,,,,,,
3848315922,China Dota2 Super Major,,,,,,,
3849389134,China Dota2 Super Major,,,,,,,
3849451104,China Dota2 Super Major,,,,,,,
3847936146,China Dota2 Super Major,,,,,,,
3847877434,China Dota2 Super Major,,,,,,,
3850048260,China Dota2 Super Major,,,,,,,
3930016447,China Dota2 Super Major,,,,,,,
3928032584,China Dota2 Super Major,,,,,,,
3937484599,China Dota2 Super Major,,,,,,,
3943893584,China Dota2 Super Major,,,,,,,
3930752760,China Dota2 Super Major,,,,,,,
3927970658,China Dota2 Super Major,,,,,,,
3846816811,China Dota2 Super Major,,,,,,,
3935790916,China Dota2 Super Major,,,,,,,
3928278244,China Dota2 Super Major,,,,,,,
3846857305,China Dota2 Super Major,,,,,,,
3847827802,China Dota2 Super Major,,,,,,,
3932161077,China Dota2 Super Major,,,,,,,
3844236951,China Dota2 Super Major,,,,,,,
3850804674,China Dota2 Super Major,,,,,,,
3930018175,China Dota2 Super Major,,,,,,,
3941338408,China Dota2 Super Major,,,,,,,
3842739751,ESL One Birgmingham,,,,,,,
3917700931,ESL One Birgmingham,,,,,,,
3909907640,ESL One Birgmingham,,,,,,,
3911317677,ESL One Birgmingham,,,,,,,
3910005819,ESL One Birgmingham,,,,,,,
3909951436,ESL One Birgmingham,,,,,,,
3846224956,ESL One Birgmingham,,,,,,,
3909460746,ESL One Birgmingham,,,,,,,
3909047737,ESL One Birgmingham,,,,,,,
3909090113,ESL One Birgmingham,,,,,,,
3842804925,ESL One Birgmingham,,,,,,,
3844708068,ESL One Birgmingham,,,,,,,
3915279179,ESL One Birgmingham,,,,,,,
3909634072,ESL One Birgmingham,,,,,,,
3917323099,ESL One Birgmingham,,,,,,,
3910028416,ESL One Birgmingham,,,,,,,
3841796205,ESL One Birgmingham,,,,,,,
3842910716,ESL One Birgmingham,,,,,,,
3842877130,ESL One Birgmingham,,,,,,,
3846517090,ESL One Birgmingham,,,,,,,
3842787669,ESL One Birgmingham,,,,,,,
3911582365,ESL One Birgmingham,,,,,,,
3843685349,ESL One Birgmingham,,,,,,,
3843089222,ESL One Birgmingham,,,,,,,
3842844651,ESL One Birgmingham,,,,,,,
3842734691,ESL One Birgmingham,,,,,,,
3909857306,ESL One Birgmingham,,,,,,,
3844151315,ESL One Birgmingham,,,,,,,
3909169351,ESL One Birgmingham,,,,,,,
3846376015,ESL One Birgmingham,,,,,,,
3841893562,ESL One Birgmingham,,,,,,,
3913231529,ESL One Birgmingham,,,,,,,
3911466745,ESL One Birgmingham,,,,,,,
3841740022,ESL One Birgmingham,,,,,,,
3909733428,ESL One Birgmingham,,,,,,,
3846423194,ESL One Birgmingham,,,,,,,
3843926586,ESL One Birgmingham,,,,,,,
3909327479,ESL One Birgmingham,,,,,,,
3842103049,ESL One Birgmingham,,,,,,,
3845724808,ESL One Birgmingham,,,,,,,
3845600049,ESL One Birgmingham,,,,,,,
3909514591,ESL One Birgmingham,,,,,,,
3843184168,ESL One Birgmingham,,,,,,,
3842119964,ESL One Birgmingham,,,,,,,
3844074317,ESL One Birgmingham,,,,,,,
3911695865,ESL One Birgmingham,,,,,,,
3842969814,ESL One Birgmingham,,,,,,,
3911032684,ESL One Birgmingham,,,,,,,
3910845070,ESL One Birgmingham,,,,,,,
3915763230,ESL One Birgmingham,,,,,,,
3913433059,ESL One Birgmingham,,,,,,,
3909654281,ESL One Birgmingham,,,,,,,
3915145827,ESL One Birgmingham,,,,,,,
3843801608,ESL One Birgmingham,,,,,,,
3841995251,ESL One Birgmingham,,,,,,,
3911051288,ESL One Birgmingham,,,,,,,
3842324789,ESL One Birgmingham,,,,,,,
3846432488,ESL One Birgmingham,,,,,,,
3844789160,ESL One Birgmingham,,,,,,,
3843797586,ESL One Birgmingham,,,,,,,
3842837445,ESL One Birgmingham,,,,,,,
3842694685,ESL One Birgmingham,,,,,,,
3844250063,ESL One Birgmingham,,,,,,,
3909251237,ESL One Birgmingham,,,,,,,
3841665963,ESL One Birgmingham,,,,,,,
3842690958,ESL One Birgmingham,,,,,,,
3911193264,ESL One Birgmingham,,,,,,,
3913576985,ESL One Birgmingham,,,,,,,
3844755209,ESL One Birgmingham,,,,,,,
3845544414,ESL One Birgmingham,,,,,,,
3917196768,ESL One Birgmingham,,,,,,,
3908965592,ESL One Birgmingham,,,,,,,
3909760210,ESL One Birgmingham,,,,,,,
3845985454,ESL One Birgmingham,,,,,,,
3909837272,ESL One Birgmingham,,,,,,,
3843488096,ESL One Birgmingham,,,,,,,
3846068377,ESL One Birgmingham,,,,,,,
3910932361,ESL One Birgmingham,,,,,,,
3913692326,ESL One Birgmingham,,,,,,,
3845434166,ESL One Birgmingham,,,,,,,
3908954812,ESL One Birgmingham,,,,,,,
3917561625,ESL One Birgmingham,,,,,,,
3842426275,ESL One Birgmingham,,,,,,,
3845851181,ESL One Birgmingham,,,,,,,
3843588675,ESL One Birgmingham,,,,,,,
3846145446,ESL One Birgmingham,,,,,,,
3909391492,ESL One Birgmingham,,,,,,,
3846483113,ESL One Birgmingham,,,,,,,
3917076539,ESL One Birgmingham,,,,,,,
3913069866,ESL One Birgmingham,,,,,,,
3844715646,ESL One Birgmingham,,,,,,,
3844619276,ESL One Birgmingham,,,,,,,
3846467819,ESL One Birgmingham,,,,,,,
3844672032,ESL One Birgmingham,,,,,,,
3845488608,ESL One Birgmingham,,,,,,,
3910845348,ESL One Birgmingham,,,,,,,
3915514948,ESL One Birgmingham,,,,,,,
3917861323,ESL One Birgmingham,,,,,,,
3844421664,ESL One Birgmingham,,,,,,,
3910953977,ESL One Birgmingham,,,,,,,
3842011869,ESL One Birgmingham,,,,,,,
3844568887,ESL One Birgmingham,,,,,,,
3844753825,ESL One Birgmingham,,,,,,,
3843905631,ESL One Birgmingham,,,,,,,
3844351306,ESL One Birgmingham,,,,,,,
3915648691,ESL One Birgmingham,,,,,,,
3845638681,ESL One Birgmingham,,,,,,,
3841741234,ESL One Birgmingham,,,,,,,
3898537635,MDL Changsha Major,,,,,,,
3890907673,MDL Changsha Major,,,,,,,
3889125363,MDL Changsha Major,,,,,,,
3888855626,MDL Changsha Major,,,,,,,
3890827984,MDL Changsha Major,,,,,,,
3891064693,MDL Changsha Major,,,,,,,
3891216019,MDL Changsha Major,,,,,,,
3891117294,MDL Changsha Major,,,,,,,
3902979731,MDL Changsha Major,,,,,,,
3891494975,MDL Changsha Major,,,,,,,
3891349796,MDL Changsha Major,,,,,,,
3903099199,MDL Changsha Major,,,,,,,
3888582250,MDL Changsha Major,,,,,,,
3900280991,MDL Changsha Major,,,,,,,
3897828395,MDL Changsha Major,,,,,,,
3889571850,MDL Changsha Major,,,,,,,
3897647670,MDL Changsha Major,,,,,,,
3891428412,MDL Changsha Major,,,,,,,
3891750360,MDL Changsha Major,,,,,,,
3890889267,MDL Changsha Major,,,,,,,
3891386864,MDL Changsha Major,,,,,,,
3891541020,MDL Changsha Major,,,,,,,
3888666303,MDL Changsha Major,,,,,,,
3891589237,MDL Changsha Major,,,,,,,
3893641241,MDL Changsha Major,,,,,,,
3888874291,MDL Changsha Major,,,,,,,
3891287696,MDL Changsha Major,,,,,,,
3889448283,MDL Changsha Major,,,,,,,
3893314987,MDL Changsha Major,,,,,,,
3891341830,MDL Changsha Major,,,,,,,
3890837233,MDL Changsha Major,,,,,,,
3889219951,MDL Changsha Major,,,,,,,
3889008004,MDL Changsha Major,,,,,,,
3889445646,MDL Changsha Major,,,,,,,
3888578614,MDL Changsha Major,,,,,,,
3902374443,MDL Changsha Major,,,,,,,
3891085673,MDL Changsha Major,,,,,,,
3888816314,MDL Changsha Major,,,,,,,
3889299301,MDL Changsha Major,,,,,,,
3898052688,MDL Changsha Major,,,,,,,
3889323628,MDL Changsha Major,,,,,,,
3893117690,MDL Changsha Major,,,,,,,
3888711624,MDL Changsha Major,,,,,,,
3890914266,MDL Changsha Major,,,,,,,
3900655955,MDL Changsha Major,,,,,,,
3888981415,MDL Changsha Major,,,,,,,
3889172765,MDL Changsha Major,,,,,,,
3891154355,MDL Changsha Major,,,,,,,
3889772161,MDL Changsha Major,,,,,,,
3888767050,MDL Changsha Major,,,,,,,
3899640601,MDL Changsha Major,,,,,,,
3888974246,MDL Changsha Major,,,,,,,
3898179475,MDL Changsha Major,,,,,,,
3889095712,MDL Changsha Major,,,,,,,
3889067271,MDL Changsha Major,,,,,,,
3888633383,MDL Changsha Major,,,,,,,
3888781364,MDL Changsha Major,,,,,,,
3899867571,MDL Changsha Major,,,,,,,
3902849890,MDL Changsha Major,,,,,,,
3893538521,MDL Changsha Major,,,,,,,
3891925312,MDL Changsha Major,,,,,,,
3898771485,MDL Changsha Major,,,,,,,
3899984103,MDL Changsha Major,,,,,,,
3902498542,MDL Changsha Major,,,,,,,
3900489066,MDL Changsha Major,,,,,,,
3888897233,MDL Changsha Major,,,,,,,
3891767458,MDL Changsha Major,,,,,,,
3891255300,MDL Changsha Major,,,,,,,
3900169897,MDL Changsha Major,,,,,,,
3889421559,MDL Changsha Major,,,,,,,
3888710999,MDL Changsha Major,,,,,,,
3899726029,MDL Changsha Major,,,,,,,
3890836890,MDL Changsha Major,,,,,,,
3890976184,MDL Changsha Major,,,,,,,
3893059114,MDL Changsha Major,,,,,,,
3891024973,MDL Changsha Major,,,,,,,
3898369901,MDL Changsha Major,,,,,,,
3891640110,MDL Changsha Major,,,,,,,
3893448698,MDL Changsha Major,,,,,,,
3889358128,MDL Changsha Major,,,,,,,
3891198578,MDL Changsha Major,,,,,,,
3891483725,MDL Changsha Major,,,,,,,
3891663985,MDL Changsha Major,,,,,,,
3888583323,MDL Changsha Major,,,,,,,
3891013861,MDL Changsha Major,,,,,,,
3893222060,MDL Changsha Major,,,,,,,
3888646761,MDL Changsha Major,,,,,,,